City_ID,City,Lat,Lng,Max Temp,Humidity,Cloudiness,Wind Speed,Country,Date
0,olonkinbyen,70.9221,-8.7187,279.35,92,100,3.89,SJ,1722470817
1,port-aux-francais,-49.35,70.2167,278.0,98,100,12.57,TF,1722470817
2,bama,11.5221,13.6856,296.07,95,100,2.52,NG,1722470818
3,adamstown,-25.066,-130.1015,295.43,87,23,9.54,PN,1722470818
4,vila franca do campo,37.7167,-25.4333,295.38,83,43,1.54,PT,1722470818
5,gebeit,21.0667,36.3167,299.82,59,70,6.5,SD,1722470818
6,avarua,-21.2078,-159.775,296.18,53,40,4.12,CK,1722470819
7,invercargill,-46.4,168.35,279.27,80,23,0.45,NZ,1722470819
8,waitangi,-43.9535,-176.5597,283.61,86,78,1.34,NZ,1722470819
9,albany,42.6001,-73.9662,298.09,79,40,0.45,US,1722470820
10,tsiombe,-25.3,45.4833,288.4,83,0,1.09,MG,1722470820
11,badger,64.8,-147.5333,290.1,57,75,2.57,US,1722470820
12,acapulco de juarez,16.8634,-99.8901,303.05,74,100,3.6,MX,1722470821
13,puerto natales,-51.7236,-72.4875,274.6,99,100,2.09,CL,1722470821
14,blackmans bay,-43.0167,147.3167,280.78,92,39,2.13,AU,1722470821
15,berezovyy,51.6667,135.7,291.15,98,100,1.64,RU,1722470821
16,floro,61.5996,5.0328,286.13,82,75,2.06,NO,1722470822
17,qaqortoq,60.7167,-46.0333,284.14,52,0,1.71,GL,1722470822
18,isafjordur,66.0755,-23.124,281.47,90,95,3.42,IS,1722470822
19,edinburgh of the seven seas,-37.0676,-12.3116,284.72,59,12,8.88,SH,1722470822
20,ilulissat,69.2167,-51.1,279.16,81,40,1.54,GL,1722470823
21,bouna,9.2667,-3.0,295.34,94,91,2.19,CI,1722470823
22,vegreville,53.5001,-112.0518,299.9,40,20,3.43,CA,1722470823
23,lys'va,58.1086,57.8053,285.24,99,48,1.96,RU,1722470823
24,bilibino,68.0546,166.4372,279.68,43,67,0.49,RU,1722470824
25,pisco,-13.7,-76.2167,290.18,82,0,4.63,PE,1722470785
26,brookings,44.3114,-96.7984,301.58,81,100,5.66,US,1722470824
27,taoudenni,22.6783,-3.9836,308.45,9,11,7.9,ML,1722470824
28,grytviken,-54.2811,-36.5092,264.73,76,39,6.66,GS,1722470825
29,yatou,37.15,122.3833,304.6,81,79,4.92,CN,1722470825
30,chiang rai,19.9167,99.9167,298.57,99,100,1.23,TH,1722470825
31,alaghsas,17.0187,8.0168,303.31,51,47,7.49,NE,1722470825
32,zhaodong,46.0833,125.9833,294.24,96,100,3.02,CN,1722470826
33,polyarnyy,69.1989,33.4478,282.57,92,100,8.08,RU,1722470826
34,iskateley,67.6803,53.1512,289.53,82,83,3.34,RU,1722470826
35,hami,42.8,93.45,301.84,28,100,8.14,CN,1722470826
36,qandala,11.472,49.8728,305.92,49,21,4.85,SO,1722470827
37,budelsdorf,54.3167,9.6833,287.64,86,6,2.57,DE,1722470827
38,kourou,5.1552,-52.6478,299.18,85,2,2.62,GF,1722470827
39,whitehorse,60.7161,-135.0538,286.58,76,75,2.06,CA,1722470581
40,lompoc,34.6391,-120.4579,294.22,77,20,5.14,US,1722470826
41,saudarkrokur,65.7461,-19.6394,284.32,83,100,1.65,IS,1722470828
42,bandipura,34.4167,74.65,293.99,91,25,1.97,IN,1722470828
43,atherton,53.5237,-2.4935,292.85,83,88,1.79,GB,1722470828
44,ust-nera,64.5667,143.2,277.03,99,100,3.58,RU,1722470828
45,karratha,-20.7377,116.8463,295.73,39,93,4.35,AU,1722470829
46,punta arenas,-53.15,-70.9167,277.21,93,75,9.26,CL,1722470604
47,hermanus,-34.4187,19.2345,278.6,76,0,2.82,ZA,1722470829
48,chonchi,-42.6128,-73.8092,281.71,95,100,4.21,CL,1722470829
49,poronaysk,49.2167,143.1167,288.88,89,98,4.41,RU,1722470830
50,mandimba,-14.3548,35.6515,287.68,63,1,1.47,MZ,1722470830
51,stanley,54.868,-1.6985,290.53,79,99,2.72,GB,1722470831
52,papatowai,-46.5619,169.4708,281.16,62,71,0.16,NZ,1722470831
53,mohale's hoek,-30.1514,27.4769,278.4,21,0,0.99,LS,1722470831
54,yellowknife,62.456,-114.3525,284.55,72,96,6.38,CA,1722470831
55,nhamunda,-2.1861,-56.7131,300.52,45,12,1.19,BR,1722470832
56,magadan,59.5667,150.8,284.45,89,100,1.78,RU,1722470788
57,st. john's,47.5649,-52.7093,293.86,93,63,0.89,CA,1722470832
58,longyearbyen,78.2186,15.6401,284.06,82,0,2.06,SJ,1722470832
59,vilyuchinsk,52.9306,158.4028,288.3,95,100,1.8,RU,1722470832
60,greenville,35.6127,-77.3663,303.22,77,0,0.0,US,1722470583
61,west island,-12.1568,96.8225,299.14,73,20,8.75,CC,1722470833
62,blythe,33.6103,-114.5964,316.4,17,75,3.06,US,1722470833
63,rio grande,-32.035,-52.0986,288.12,84,65,5.46,BR,1722470834
64,san pedro del parana,-26.8333,-56.2,291.78,80,53,4.23,PY,1722470834
65,port lincoln,-34.7333,135.8667,285.01,45,43,5.48,AU,1722470834
66,winston,28.0317,-82.0148,304.05,79,75,2.57,US,1722470728
67,kodiak,57.79,-152.4072,293.88,37,0,5.66,US,1722470834
68,hola,51.5377,23.1902,289.25,44,81,1.02,PL,1722470835
69,hawaiian paradise park,19.5933,-154.9731,300.88,70,0,4.12,US,1722470835
70,katsuura,35.1333,140.3,299.71,79,99,5.98,JP,1722470835
71,bethel,41.3712,-73.414,299.76,84,75,7.2,US,1722470822
72,hamilton,39.1834,-84.5333,301.62,81,62,0.45,US,1722470702
73,udachny,66.4167,112.4,284.02,50,87,2.57,RU,1722470836
74,lebu,-37.6167,-73.65,284.49,94,100,12.68,CL,1722470836
75,newark,40.7357,-74.1724,304.96,58,100,3.09,US,1722470590
76,georgetown,5.4112,100.3354,302.11,70,20,3.09,MY,1722470837
77,nogliki,51.8333,143.1667,290.25,81,97,3.8,RU,1722470837
78,nar'yan-mar,67.6713,53.087,289.4,82,83,3.39,RU,1722470837
79,iqaluit,63.7506,-68.5145,281.87,57,71,4.02,CA,1722470838
80,rongelap,11.1635,166.8941,301.44,78,65,6.58,MH,1722470838
81,siaton,9.0648,123.0339,300.96,75,100,1.01,PH,1722470838
82,port mathurin,-19.6833,63.4167,295.73,80,56,5.55,MU,1722470838
83,naze,28.3667,129.4833,302.67,71,68,3.32,JP,1722470839
84,maler kotla,30.5167,75.8833,301.54,94,100,4.71,IN,1722470840
85,bikenibeu village,1.3673,173.1241,304.13,70,20,4.12,KI,1722470840
86,tazovsky,67.4667,78.7,286.46,91,99,4.22,RU,1722470840
87,tiksi,71.6872,128.8694,276.45,74,94,3.09,RU,1722470841
88,gargalianoi,37.0667,21.6333,298.9,68,1,2.55,GR,1722470841
89,swan hill,-35.3378,143.5544,283.48,58,3,2.47,AU,1722470841
90,port elizabeth,-33.918,25.5701,282.21,92,0,4.45,ZA,1722470841
91,una,20.8167,71.0333,299.57,89,100,7.32,IN,1722470842
92,santana,-0.0583,-51.1817,299.0,82,44,3.95,BR,1722470842
93,esquel,-42.9,-71.3167,276.71,93,100,2.08,AR,1722470842
94,wamba,8.9333,8.6,295.08,95,100,0.6,NG,1722470842
95,seydi,39.4816,62.9137,301.64,18,0,4.11,TM,1722470842
96,ribeira grande,38.5167,-28.7,295.25,85,62,3.25,PT,1722470843
97,salalah,17.0151,54.0924,297.2,100,100,1.54,OM,1722470843
98,todos santos,23.45,-110.2167,306.1,78,16,2.14,MX,1722470843
99,moussoro,13.6408,16.4901,297.82,83,100,3.76,TD,1722470844
100,sitka,57.0531,-135.33,289.09,72,100,5.14,US,1722470844
101,ushuaia,-54.8,-68.3,273.95,97,100,3.38,AR,1722470844
102,kingaroy,-26.5333,151.8333,287.5,42,0,4.05,AU,1722470844
103,borovichi,58.3878,33.9155,287.26,97,100,2.92,RU,1722470845
104,muroto-misakicho,33.2833,134.15,301.49,80,26,2.29,JP,1722470845
105,keflavik,64.0049,-22.5624,283.39,93,75,3.09,IS,1722470845
106,atafu village,-8.5421,-172.5159,300.77,75,100,9.85,TK,1722470845
107,thompson,55.7435,-97.8558,301.99,27,18,2.9,CA,1722470846
108,talnakh,69.4865,88.3972,294.26,43,36,0.79,RU,1722470846
109,mount gambier,-37.8333,140.7667,282.44,70,26,2.96,AU,1722470846
110,yonggwang-up,40.0183,127.4547,301.67,73,0,1.7,KP,1722470846
111,wailua homesteads,22.0669,-159.378,301.59,72,0,5.66,US,1722470847
112,darab,28.7519,54.5444,304.34,33,33,1.41,IR,1722470847
113,ghadamis,30.1337,9.5007,302.9,23,0,4.55,LY,1722470847
114,cambria,35.5641,-121.0808,304.57,69,32,3.64,US,1722470847
115,holualoa,19.6228,-155.9522,297.9,73,54,0.89,US,1722470848
116,fort bragg,35.139,-79.006,304.06,68,40,3.6,US,1722470848
117,nyuzen,36.9333,137.5,303.41,77,92,1.34,JP,1722470848
118,la penita de jaltomba,21.0333,-105.25,301.42,78,82,1.62,MX,1722470848
119,enewetak,11.3474,162.3373,302.08,75,72,6.18,MH,1722470849
120,ola,59.5833,151.2833,285.57,83,100,2.4,RU,1722470849
121,tacuarembo,-31.7333,-55.9833,289.24,92,100,4.47,UY,1722470849
122,klyuchi,52.2667,79.1667,294.61,61,3,2.75,RU,1722470849
123,belousovka,50.1339,82.5239,284.62,94,0,1.0,KZ,1722470850
124,mejit,10.2753,170.8646,301.28,80,15,5.61,MH,1722470850
125,anori,-3.7728,-61.6442,303.84,42,96,1.28,BR,1722470850
126,nookat,40.2671,72.6207,294.57,32,1,3.42,KG,1722470850
127,soverato marina,38.685,16.5499,299.9,42,0,3.67,IT,1722470851
128,dubois,38.3464,-86.8897,302.12,83,75,5.14,US,1722470851
129,les cayes,18.2,-73.75,300.71,80,65,1.98,HT,1722470851
130,mashhad,36.297,59.6062,298.23,47,0,2.06,IR,1722470852
131,kristiansund,63.1115,7.732,287.18,83,75,3.6,NO,1722470852
132,constantia,44.1833,28.65,292.53,68,0,4.31,RO,1722470852
133,mukalla,14.5425,49.1242,302.22,68,100,2.55,YE,1722470853
134,puerto baquerizo moreno,-0.9,-89.6,293.17,91,73,5.98,EC,1722470853
135,port alfred,-33.5906,26.891,284.47,76,0,6.1,ZA,1722470853
136,zeya,53.75,127.2667,292.53,49,0,3.72,RU,1722470853
137,saint-philippe,-21.3585,55.7679,292.92,76,4,0.81,RE,1722470854
138,dalandzadgad,43.5708,104.425,297.88,41,100,1.76,MN,1722470854
139,margaret river,-33.95,115.0667,283.56,67,96,9.46,AU,1722470854
140,melfort,52.8667,-104.6177,300.79,44,0,3.69,CA,1722470854
141,petropavlovsk-kamchatsky,53.0452,158.6483,287.48,100,75,2.0,RU,1722470855
142,dudinka,69.4058,86.1778,293.25,53,8,2.54,RU,1722470855
143,aasiaat,68.7098,-52.8699,275.79,90,58,1.54,GL,1722470856
144,kidal,18.4411,1.4078,300.81,58,93,6.25,ML,1722470856
145,hithadhoo,-0.6,73.0833,301.77,77,87,4.8,MV,1722470856
146,tara,56.8944,74.371,289.68,97,98,2.41,RU,1722470856
147,canning,22.3189,88.6714,301.16,95,100,5.9,IN,1722470857
148,tynda,55.1667,124.7167,287.34,44,0,5.63,RU,1722470857
149,laguna,38.421,-121.4238,311.1,32,0,4.63,US,1722470857
150,pelabuhanratu,-6.9875,106.5514,298.14,86,44,2.08,ID,1722470857
151,pangoa,-12.1167,-73.0,294.02,87,40,1.49,PE,1722470858
152,mata-utu,-13.2816,-176.1745,299.31,69,100,7.24,WF,1722470858
153,puerto ayora,-0.7393,-90.3518,293.75,91,77,4.52,EC,1722470858
154,labrador city,52.9463,-66.9114,289.55,93,100,1.79,CA,1722470858
155,fort wellington,6.4,-57.6,300.47,79,99,4.86,GY,1722470859
156,kitgum,3.2783,32.8867,291.46,98,95,1.42,UG,1722470859
157,kailua-kona,19.6406,-155.9956,299.97,75,62,1.79,US,1722470648
158,ascension,30.2169,-90.9001,307.62,64,99,2.53,US,1722470859
159,al kharijah,25.4514,30.5464,304.17,22,77,2.63,EG,1722470860
160,manta,-0.95,-80.7333,298.03,78,75,6.17,EC,1722470860
161,mil'kovo,55.6078,37.7956,288.42,91,44,3.77,RU,1722470860
162,vylkove,45.4021,29.586,292.65,63,0,2.73,UA,1722470861
163,perelyub,51.8667,50.3667,291.64,57,67,3.33,RU,1722470861
164,qarazhal,48.0078,70.7903,297.27,45,0,4.46,KZ,1722470861
165,ulsteinvik,62.3432,5.8487,287.46,80,24,1.79,NO,1722470861
166,punta del este,-34.9667,-54.95,288.69,94,95,3.13,UY,1722470862
167,kuandian,40.7286,124.7847,296.56,99,100,1.83,CN,1722470862
168,colonia,50.9333,6.95,293.05,88,0,1.03,DE,1722470862
169,fort st. john,56.2499,-120.8529,294.41,43,79,8.09,CA,1722470862
170,kuanda,56.3161,116.0806,291.99,55,85,1.82,RU,1722470863
171,susanville,40.4163,-120.653,307.49,19,0,1.79,US,1722470863
172,bredasdorp,-34.5322,20.0403,279.49,81,0,2.17,ZA,1722470863
173,tura,25.5198,90.2201,297.51,97,69,2.33,IN,1722470863
174,navolato,24.7672,-107.6944,306.25,55,67,5.03,MX,1722470864
175,ponsacco,43.6238,10.6291,300.0,91,9,0.83,IT,1722470864
176,luau,-10.7073,22.2247,291.68,26,0,2.19,AO,1722470864
177,rodna,47.4167,24.8167,287.73,55,19,1.61,RO,1722470864
178,muisne,0.6,-80.0333,297.16,84,93,4.32,EC,1722470865
179,jinjiang,24.8198,118.5741,301.73,82,16,2.89,CN,1722470865
180,utrik,11.2278,169.8474,301.36,80,44,6.08,MH,1722470865
181,cabo san lucas,22.8909,-109.9124,303.01,63,40,5.14,MX,1722470736
182,aykhal,66.0,111.5,282.73,56,52,2.94,RU,1722470866
183,shaydon,40.6747,70.346,298.34,31,1,2.0,TJ,1722470866
184,onguday,50.75,86.15,287.93,90,0,0.6,RU,1722470866
185,nagqu,31.5,92.0,276.15,62,58,1.37,CN,1722470866
186,lihue,21.9789,-159.3672,301.92,64,0,5.66,US,1722470867
187,ancud,-41.8697,-73.8203,282.79,91,100,7.71,CL,1722470867
188,bor,56.3567,44.0669,289.11,96,100,3.19,RU,1722470867
189,gornozavodsk,58.3758,58.3211,284.57,99,66,1.4,RU,1722470867
190,la passe,45.5549,-0.8967,295.28,96,0,3.51,FR,1722470868
191,sandakan,5.8402,118.1179,299.43,82,50,1.38,MY,1722470868
192,broken hill,-31.95,141.4333,284.2,40,0,4.19,AU,1722470868
193,villa regina,-39.1,-67.0667,286.48,37,99,4.64,AR,1722470869
194,tual,-5.6667,132.75,298.45,88,57,8.76,ID,1722470869
195,mount pearl,47.5166,-52.7813,293.4,92,63,1.79,CA,1722470768
196,teluk nibung,3.001,99.8164,297.19,95,100,1.81,ID,1722470869
197,kolwezi,-10.7148,25.4667,289.21,25,0,3.18,CD,1722470870
198,patu,-6.11,-37.6367,299.22,45,1,7.53,BR,1722470870
199,haiku-pauwela,20.9219,-156.3051,300.51,69,40,9.77,US,1722470870
200,kirakira,-10.4544,161.9205,299.96,82,100,4.11,SB,1722470870
201,vila velha,-20.3297,-40.2925,293.12,97,100,2.06,BR,1722470871
202,christchurch,-43.5333,172.6333,280.32,83,75,4.63,NZ,1722470867
203,jindabyne,-36.4167,148.6333,275.69,83,48,0.89,AU,1722470871
204,saipan,15.1355,145.701,304.54,70,20,6.17,MP,1722470872
205,kromy,52.6876,35.7667,286.22,88,26,4.62,RU,1722470872
206,dubbo,-32.25,148.6167,281.22,71,0,4.63,AU,1722470328
207,kapuskasing,49.4169,-82.4331,299.24,58,21,2.16,CA,1722470872
208,macapa,0.0389,-51.0664,299.86,80,33,6.22,BR,1722470872
209,tayu,-6.5397,111.0518,298.45,84,12,3.87,ID,1722470873
210,kenai,60.5544,-151.2583,294.83,37,0,4.12,US,1722470873
211,palikir - national government center,6.9248,158.1611,303.62,74,75,2.57,FM,1722470873
212,preobrazheniye,42.9019,133.9064,297.45,86,96,1.74,RU,1722470873
213,aoulef,26.9667,1.0833,307.63,10,0,9.54,DZ,1722470874
214,new norfolk,-42.7826,147.0587,281.44,76,33,1.03,AU,1722470874
215,bowling green,36.9903,-86.4436,306.11,65,0,0.0,US,1722470835
216,zag,46.9441,99.165,286.51,76,96,2.31,MN,1722470874
217,extrema,-22.8547,-46.3183,289.35,73,51,1.72,BR,1722470875
218,nadym,65.5333,72.5167,291.19,76,50,2.31,RU,1722470875
219,saint-pierre,-21.3393,55.4781,292.97,49,0,3.6,RE,1722470875
220,tabou,4.423,-7.3528,296.92,87,100,5.22,CI,1722470876
221,ballina,-28.8667,153.5667,289.14,63,34,5.84,AU,1722470876
222,holdrege,40.4403,-99.3698,299.96,69,0,1.54,US,1722470876
223,i-n-salah,27.1935,2.4607,306.55,12,0,9.22,DZ,1722470876
224,fale old settlement,-9.3852,-171.2468,300.33,69,98,9.0,TK,1722470877
225,tinaquillo,9.9186,-68.3047,302.19,98,28,0.3,VE,1722470877
226,carnarvon,-24.8667,113.6333,292.8,75,0,4.8,AU,1722470877
227,harstad,68.799,16.5293,288.49,81,67,0.85,NO,1722470877
228,imperatriz,-5.5264,-47.4917,300.18,32,0,1.91,BR,1722470878
229,yerofey pavlovich,53.9667,121.9667,290.65,40,0,2.8,RU,1722470878
230,afaahiti,-17.75,-149.2833,297.08,67,43,7.86,PF,1722470878
231,manakara,-22.1333,48.0167,290.08,94,5,2.48,MG,1722470878
232,byron bay,-28.65,153.6167,289.1,59,46,5.55,AU,1722470879
233,geraldton,-28.7667,114.6,288.38,55,40,6.17,AU,1722470879
234,bologoye,57.8799,34.1068,286.38,99,100,1.24,RU,1722470879
235,anadyr,64.75,177.4833,285.43,100,100,3.58,RU,1722470879
236,fort stockton,30.894,-102.8793,300.18,57,20,4.12,US,1722470877
237,niafunke,15.9322,-3.9906,306.17,44,100,6.19,ML,1722470880
238,livramento do brumado,-13.6431,-41.8406,293.46,61,18,1.43,BR,1722470880
239,dzuunmod,48.2199,97.3744,283.33,93,100,1.83,MN,1722470880
240,shatura,55.5725,39.5368,286.12,99,18,2.93,RU,1722470881
241,zhosaly,45.4878,64.0781,300.78,22,0,3.93,KZ,1722470881
242,maffra,-37.9667,146.9833,281.5,73,2,1.49,AU,1722470881
243,uturoa,-16.7333,-151.4333,296.72,58,35,7.73,PF,1722470881
244,gizo,-8.103,156.8419,300.48,79,81,5.08,SB,1722470882
245,crane,31.3974,-102.3501,309.73,25,0,10.03,US,1722470882
246,acarau,-2.8856,-40.12,298.88,83,9,8.32,BR,1722470882
247,shancheng,34.7953,116.0817,300.18,90,100,4.94,CN,1722470883
248,caleta de carquin,-11.0925,-77.6267,290.74,84,5,4.0,PE,1722470883
249,juneau,58.3019,-134.4197,285.6,94,100,5.14,US,1722470883
250,mairang,25.5667,91.6333,291.2,97,100,2.19,IN,1722470883
251,marquette,46.5333,-87.6335,299.35,69,15,0.89,US,1722470884
252,pont rouge,48.8833,-72.0825,292.34,98,100,1.5,CA,1722470884
253,celestun,20.8667,-90.4,301.66,76,2,8.33,MX,1722470884
254,happy valley-goose bay,53.3168,-60.3315,284.94,93,56,2.16,CA,1722470884
255,fisterra,42.9049,-9.2629,292.6,94,100,3.99,ES,1722470885
256,jamestown,42.097,-79.2353,297.95,83,0,2.57,US,1722470885
257,catio,11.2833,-15.25,297.78,90,26,2.97,GW,1722470885
258,guayaramerin,-10.8368,-65.3614,299.91,40,9,0.07,BO,1722470885
259,smithers,54.7804,-127.1743,294.33,43,75,1.54,CA,1722470886
260,graham,47.0529,-122.2943,301.04,54,0,2.06,US,1722470886
261,selfoss,63.9331,-20.9971,284.92,91,100,3.21,IS,1722470886
262,zaozersk,69.4005,32.4476,282.95,90,88,8.32,RU,1722470886
263,lethem,3.3803,-59.7968,299.18,73,90,2.94,GY,1722470887
264,puerto escondido,15.85,-97.0667,301.6,78,79,1.79,MX,1722470887
265,grand baie,-20.0182,57.5802,291.73,81,1,0.45,MU,1722470887
266,kudahuvadhoo,2.6708,72.8944,301.52,74,99,2.36,MV,1722470888
267,jakobstad,63.6749,22.7026,288.73,92,97,1.34,FI,1722470888
268,kalaleh,37.3807,55.4916,297.76,79,62,1.18,IR,1722470888
269,degerfors,59.238,14.4308,286.31,79,22,1.84,SE,1722470888
270,cam ranh,11.9214,109.1591,301.13,78,0,2.06,VN,1722470889
271,nenjiang,49.1833,125.2167,293.3,73,90,7.78,CN,1722470889
272,yuzhno-kurilsk,44.0306,145.8556,290.63,85,20,3.07,RU,1722470889
273,college,64.8569,-147.8028,290.14,58,75,2.57,US,1722470889
274,nejo,9.5,35.5,286.91,99,100,1.0,ET,1722470890
275,dan sadau,11.2962,6.4952,295.58,93,100,2.15,NG,1722470890
276,ierapetra,35.01,25.7353,299.9,55,0,4.92,GR,1722470890
277,xuanzhou,30.9525,118.7553,304.91,66,0,2.51,CN,1722470890
278,kargasok,59.0556,80.8572,288.52,89,21,1.49,RU,1722470891
279,sinop,41.7711,34.8709,287.56,91,10,1.43,TR,1722470891
280,polonne,50.1242,27.5109,287.75,66,49,3.39,UA,1722470891
281,vadso,70.0744,29.7487,286.24,82,75,8.75,NO,1722470891
282,babu,24.4167,111.5167,299.05,93,91,1.68,CN,1722470892
283,tataouine,32.9297,10.4518,300.89,40,0,0.38,TN,1722470892
284,ampanihy,-24.7,44.75,287.1,83,0,1.78,MG,1722470892
285,hilo,19.7297,-155.09,301.0,72,0,4.12,US,1722470757
286,tolanaro,-25.0319,46.9987,289.6,78,0,2.36,MG,1722470892
287,cockburn town,21.4612,-71.1419,301.65,85,0,8.7,TC,1722470893
288,strezhevoy,60.7333,77.5889,287.59,91,28,1.73,RU,1722470893
289,birjand,32.8663,59.2211,299.21,23,0,3.37,IR,1722470893
290,bumba,2.1833,22.4667,294.8,89,99,1.39,CD,1722470894
291,arvayheer,46.2639,102.775,286.98,95,100,3.23,MN,1722470894
292,brezina,33.0989,1.2608,303.24,20,0,2.01,DZ,1722470894
293,marang,5.2056,103.2059,298.81,89,100,2.74,MY,1722470895
294,remire-montjoly,4.9167,-52.2667,299.17,94,0,1.03,GF,1722470895
295,chunskiy,56.0815,99.6342,290.32,97,99,2.05,RU,1722470895
296,belmonte,-15.8631,-38.8828,295.4,81,0,2.59,BR,1722470895
297,sur,22.5667,59.5289,303.15,66,98,2.79,OM,1722470896
298,lautoka,-17.6167,177.4667,300.07,61,20,5.14,FJ,1722470896
299,sisimiut,66.9395,-53.6735,281.35,69,28,4.59,GL,1722470896
300,vorgashor,67.5833,63.95,288.6,95,98,1.7,RU,1722470896
301,peniche,39.3558,-9.3811,293.87,88,92,6.79,PT,1722470897
302,kamianske,48.5113,34.6021,289.94,58,0,2.73,UA,1722470897
303,grand falls-windsor,48.9332,-55.6649,294.54,91,31,5.8,CA,1722470897
304,khandyga,62.6667,135.6,282.15,79,100,2.13,RU,1722470898
305,westport,41.1415,-73.3579,301.34,77,0,5.14,US,1722470839
306,asaita,11.5636,41.4394,305.72,47,43,0.98,ET,1722470898
307,toliara,-23.35,43.6667,289.87,74,0,4.53,MG,1722470899
308,butembo,0.15,29.2833,287.58,93,81,0.95,CD,1722470899
309,gadzhiyevo,69.2551,33.3362,282.82,92,100,8.2,RU,1722470899
310,flying fish cove,-10.4217,105.6791,297.97,83,75,4.63,CX,1722470899
311,kalmunai,7.4167,81.8167,300.62,74,100,1.24,LK,1722470900
312,sarangani,5.4033,125.4636,301.44,74,53,1.7,PH,1722470900
313,puerto armuelles,8.2833,-82.8667,300.91,95,100,2.57,PA,1722470900
314,jincheng,35.5022,112.8328,300.53,67,3,1.06,CN,1722470900
315,panaba,21.2833,-88.2667,301.03,79,13,6.95,MX,1722470901
316,wainwright,52.839,-110.8572,302.76,27,54,5.45,CA,1722470901
317,island harbour,50.724,-1.2758,294.25,85,30,0.45,GB,1722470901
318,port hedland,-20.3167,118.5667,294.18,43,95,1.03,AU,1722470901
319,luderitz,-26.6481,15.1594,287.35,47,0,6.22,NA,1722470902
320,aitape,-3.1374,142.3475,302.34,67,96,0.83,PG,1722470902
321,palmas,-10.2128,-48.3603,303.7,20,55,1.98,BR,1722470879
322,northam,51.0333,-4.2167,292.81,89,99,2.44,GB,1722470903
323,vikhorevka,56.1201,101.1636,291.92,98,100,2.56,RU,1722470903
324,port-vila,-17.7338,168.3219,298.3,65,97,5.83,VU,1722470903
325,ta`u,-14.2336,-169.5144,298.83,64,96,9.98,AS,1722470903
326,sanctuary point,-35.1114,150.629,286.9,67,100,6.28,AU,1722470904
327,mount pleasant,32.7941,-79.8626,303.23,85,0,4.63,US,1722470903
328,igarka,67.4667,86.5833,291.13,65,100,4.48,RU,1722470904
329,santa cruz,-17.8,-63.1667,296.85,64,0,5.14,BO,1722470905
330,cill airne,52.05,-9.5167,286.66,95,81,1.35,IE,1722470905
331,el calafate,-50.3408,-72.2768,274.21,99,100,1.64,AR,1722470905
332,linxia chengguanzhen,35.6003,103.2064,292.51,49,21,1.58,CN,1722470906
333,bahir dar,11.5936,37.3908,289.04,96,100,1.89,ET,1722470906
334,kabompo,-13.5927,24.2008,287.11,24,0,2.98,ZM,1722470906
335,chipinge,-20.1883,32.6236,284.04,92,8,2.23,ZW,1722470906
336,nova sintra,14.8667,-24.7167,298.39,79,64,6.71,CV,1722470906
337,fort mcmurray,56.7268,-111.381,295.36,49,77,8.42,CA,1722470907
338,greenland,43.0362,-70.8328,299.64,82,75,3.09,US,1722470907
339,ugoofaaru,5.6667,73.0,300.92,78,99,4.22,MV,1722470907
340,bel ombre,-4.6167,55.4167,298.67,87,34,7.99,SC,1722470907
341,mena,51.5217,32.2157,286.33,86,57,2.68,UA,1722470908
342,beysehir,37.6773,31.7246,292.69,48,0,1.85,TR,1722470908
343,san patricio,28.017,-97.5169,304.56,59,0,7.75,US,1722470908
344,high rock,26.6208,-78.2833,303.16,72,96,3.62,BS,1722470908
345,port isabel,26.0734,-97.2086,304.27,73,20,7.72,US,1722470909
346,nemuro,43.3236,145.575,289.05,95,100,3.24,JP,1722470909
347,havre,49.5833,0.3333,294.02,88,0,1.54,FR,1722470909
348,ambon,-3.6954,128.1814,299.23,89,40,2.57,ID,1722470910
349,suva,-18.1416,178.4415,298.86,83,75,3.09,FJ,1722470910
350,dongola,19.1667,30.4833,303.96,53,89,6.97,SD,1722470910
351,neftegorsk,52.802,51.166,292.12,54,94,2.53,RU,1722470910
352,malango,-2.9627,119.9001,295.25,90,80,0.78,ID,1722470910
353,argo,37.6333,22.7333,297.47,37,0,1.8,GR,1722470911
354,wichita falls,33.9137,-98.4934,311.23,37,0,8.75,US,1722470724
355,tralee,52.2704,-9.7026,286.83,97,89,1.51,IE,1722470911
356,bhalki,18.0333,77.2167,296.33,91,100,6.5,IN,1722470912
357,prainha,-1.8,-53.48,301.06,54,18,1.19,BR,1722470912
358,mount isa,-20.7333,139.5,292.02,34,0,4.12,AU,1722470912
359,bezhetsk,57.7851,36.6965,286.53,98,96,3.89,RU,1722470912
360,raigarh,21.9,83.4,298.29,92,100,2.22,IN,1722470913
361,sinan,34.8262,126.1086,298.67,90,59,4.89,KR,1722470913
362,portland,45.5234,-122.6762,304.81,45,20,3.6,US,1722470824
363,rock springs,41.5875,-109.2029,303.73,22,0,5.66,US,1722470914
364,vanimo,-2.6741,141.3028,300.16,89,99,1.84,PG,1722470914
365,noumea,-22.2763,166.4572,294.26,99,100,3.08,NC,1722470707
366,chegdomyn,51.1167,133.0167,298.11,56,96,1.72,RU,1722470914
367,mahibadhoo,3.7833,72.9667,301.58,75,100,3.32,MV,1722470915
368,as sulayyil,20.4607,45.5779,307.29,14,99,7.45,SA,1722470915
369,tommot,58.9564,126.2925,285.21,70,100,2.44,RU,1722470915
370,coquimbo,-29.9533,-71.3436,286.0,86,75,2.06,CL,1722470915
371,hovd,48.0056,91.6419,291.51,48,2,1.45,MN,1722470916
372,whangarei,-35.7317,174.3239,287.51,78,94,0.7,NZ,1722470806
373,ezhva,61.8128,50.7283,287.03,100,20,3.0,RU,1722470916
374,oranjemund,-28.55,16.4333,284.09,77,0,3.85,NA,1722470916
375,anloga,5.7947,0.8973,297.46,89,78,7.32,GH,1722470917
376,beinamar,8.6698,15.3813,295.16,97,100,1.43,TD,1722470917
377,canutama,-6.5339,-64.3831,301.4,38,9,0.79,BR,1722470917
378,kapa'a,22.0752,-159.319,302.33,69,0,5.66,US,1722470917
379,kavaratti,10.5669,72.642,299.79,88,100,6.16,IN,1722470918
380,alibag,18.6411,72.8792,301.19,89,100,7.38,IN,1722470918
381,touros,-5.1989,-35.4608,297.19,84,11,7.06,BR,1722470918
382,velizh,55.6056,31.1967,285.98,99,100,2.55,RU,1722470918
383,cristalina,-16.7686,-47.6136,291.79,51,55,2.45,BR,1722470919
384,emsburen,52.4,7.3,291.38,76,47,3.88,DE,1722470919
385,aldan,58.6031,125.3894,282.43,65,97,1.7,RU,1722470919
386,antofagasta,-23.65,-70.4,287.75,80,17,1.03,CL,1722470919
387,adrar,20.5022,-10.0711,310.53,20,66,4.15,MR,1722470919
388,magdagachi,53.45,125.8,291.47,42,0,4.9,RU,1722470622
389,alotau,-10.3069,150.4462,297.85,94,98,2.28,PG,1722470920
390,dawei,14.0833,98.2,298.5,91,100,1.76,MM,1722470920
391,arauquita,7.0292,-71.4281,295.85,94,67,0.41,CO,1722470921
392,arawa,-6.2132,155.5367,303.42,65,94,1.27,PG,1722470921
393,susuman,62.7833,148.1667,275.57,94,100,2.22,RU,1722470921
394,terrace heights,46.6062,-120.4398,306.87,28,0,3.09,US,1722470921
395,egilsstadir,65.2653,-14.3948,283.11,85,100,3.28,IS,1722470922
396,edson,53.5835,-116.4356,292.95,54,69,3.97,CA,1722470922
397,gilgit,35.9221,74.3087,299.64,55,7,0.51,PK,1722470922
398,hadibu,12.65,54.0333,298.45,83,40,10.89,YE,1722470922
399,cherdyn',60.403,56.4787,287.24,94,90,1.25,RU,1722470923
400,port augusta,-32.5,137.7667,284.99,27,97,1.47,AU,1722470923
401,cabedelo,-6.9811,-34.8339,296.52,83,26,8.02,BR,1722470923
402,lysogorskaya,44.1064,43.2756,292.9,55,73,3.4,RU,1722470923
403,auki,-8.7676,160.7034,302.12,65,41,2.04,SB,1722470924
404,kamwenge,0.1866,30.4539,291.68,85,100,0.54,UG,1722470924
405,san sebastian de mariquita,5.1989,-74.893,300.29,48,78,3.69,CO,1722470924
406,ulladulla,-35.35,150.4667,283.58,61,100,6.04,AU,1722470924
407,codrington,-38.2667,141.9667,282.24,64,95,3.46,AU,1722470925
408,novyy urengoy,66.0833,76.6333,291.14,78,26,2.22,RU,1722470703
409,glace bay,46.1969,-59.957,296.98,82,88,1.79,CA,1722470925
410,namibe,-15.1961,12.1522,289.0,84,23,0.74,AO,1722470925
411,licheng,23.2955,113.8284,300.96,85,23,2.88,CN,1722470926
412,chibougamau,49.9168,-74.3659,293.53,80,98,0.52,CA,1722470926
413,yaren,-0.5472,166.916,302.32,71,2,5.01,NR,1722470926
414,champerico,14.3,-91.9167,302.85,72,98,1.86,GT,1722470927
415,selebi-phikwe,-21.979,27.8498,286.89,86,1,6.34,BW,1722470927
416,hebi,35.8992,114.1925,302.99,64,81,1.21,CN,1722470927
417,baihe,22.15,107.2333,299.36,91,100,1.3,CN,1722470927
418,claveria,18.6074,121.0832,302.35,72,49,2.35,PH,1722470928
419,caxito,-8.5785,13.6643,290.46,95,2,0.64,AO,1722470928
420,thunder bay,48.4001,-89.3168,300.2,62,88,2.35,CA,1722470928
421,san antonio de pale,-1.4014,5.6325,295.68,76,100,3.79,GQ,1722470928
422,kitimat,54.0524,-128.6534,291.43,62,100,1.79,CA,1722470850
423,ciutadella,40.0011,3.8414,299.6,83,0,4.43,ES,1722470929
424,pasuquin,18.3328,120.6177,301.12,80,64,3.31,PH,1722470929
425,nong chik,6.8436,101.178,298.26,90,100,4.4,TH,1722470929
426,tromso,69.6496,18.957,288.16,72,0,4.12,NO,1722470929
427,road town,18.4167,-64.6167,300.2,77,100,8.33,VG,1722470930
428,swakopmund,-22.6833,14.5333,284.25,87,0,1.34,NA,1722470930
429,taulaga,-11.0553,-171.0883,300.05,63,91,9.05,AS,1722470930
430,pizarro,4.9533,-77.366,299.32,86,43,2.5,CO,1722470930
431,monte santo,-10.4378,-39.3328,292.93,69,26,4.45,BR,1722470931
432,gereida,11.2811,25.1414,296.4,88,60,3.25,SD,1722470931
433,kuala terengganu,5.3302,103.1408,298.82,90,96,2.55,MY,1722470932
434,lebork,54.5392,17.7501,289.53,97,1,2.39,PL,1722470932
435,shanhecun,44.7,127.2,296.99,95,98,6.44,CN,1722470932
436,vinton,37.281,-79.897,302.68,71,27,2.22,US,1722470933
437,figuig (centre),32.1089,-1.2286,303.34,21,0,0.81,MA,1722470933
438,kirkwall,58.9848,-2.9587,282.18,93,54,0.0,GB,1722470933
439,hoshcha,50.6003,26.6744,288.76,60,81,3.3,UA,1722470933
440,weno,7.4515,151.8468,301.89,71,9,1.99,FM,1722470934
441,fort william,56.8165,-5.1121,286.1,89,100,0.74,GB,1722470934
442,guymon,36.6828,-101.4816,309.23,21,58,8.4,US,1722470934
443,liaoyuan,42.9036,125.1358,298.5,90,95,5.53,CN,1722470934
444,ketchikan,55.3422,-131.6461,291.12,72,100,2.06,US,1722470935
445,chelak,39.9203,66.8611,297.57,27,0,2.16,UZ,1722470935
446,arno,60.1167,18.6333,289.7,80,49,6.7,SE,1722470935
447,amga,60.8953,131.9608,288.52,49,77,2.9,RU,1722470935
448,castillos,-34.1667,-53.8333,287.41,85,100,2.65,UY,1722470936
449,la ronge,55.1001,-105.2842,299.2,34,65,4.42,CA,1722470936
450,xianning,29.8833,114.2167,301.94,80,100,1.88,CN,1722470937
451,akureyri,65.6835,-18.0878,286.59,72,100,1.41,IS,1722470937
452,sirte,31.2089,16.5887,300.47,70,0,3.0,LY,1722470937
453,lawas,13.764,121.0566,300.75,82,99,2.88,PH,1722470938
454,san felipe,10.3399,-68.7425,296.28,76,27,2.52,VE,1722470938
455,aurillac,44.9167,2.45,294.64,90,75,1.54,FR,1722470938
456,dzhalagash,45.0833,64.6667,299.46,21,0,3.74,KZ,1722470938
457,marumori,37.9167,140.7667,302.98,68,89,1.19,JP,1722470939
458,mujiayingzi,42.1167,118.7833,296.06,73,58,1.79,CN,1722470939
459,ad-damazin,11.7891,34.3592,295.7,85,100,3.25,SD,1722470939
460,casper,42.8666,-106.3131,303.55,15,0,4.02,US,1722470939
461,pangody,65.85,74.4859,291.09,73,46,2.13,RU,1722470940
462,el matama,16.7095,33.3565,303.11,53,100,8.56,SD,1722470940
463,port saint john's,-31.6229,29.5448,285.87,69,0,2.7,ZA,1722470940
464,genhe,50.7833,121.5167,291.99,51,30,4.16,CN,1722470941
465,alice springs,-23.7,133.8833,281.9,37,0,0.0,AU,1722470941
466,bac kan,22.1333,105.8333,297.54,100,100,0.81,VN,1722470941
467,mili,6.0815,171.735,301.64,76,62,4.22,MH,1722470941
468,rio verde de mato grosso,-18.9181,-54.8442,299.82,26,2,2.34,BR,1722470942
469,pirapemas,-3.7267,-44.2233,298.69,78,4,2.22,BR,1722470942
470,sinabang,2.4803,96.3801,299.68,84,100,0.97,ID,1722470942
471,leteri,24.05,77.4,298.73,84,100,5.78,IN,1722470942
472,bodo,67.28,14.405,287.47,97,75,8.75,NO,1722470943
473,skovorodino,53.9833,123.9167,289.64,36,0,5.42,RU,1722470943
474,mirnyy,62.5353,113.9611,286.27,54,21,1.97,RU,1722470943
475,cole harbour,44.6724,-63.4751,294.78,91,86,0.89,CA,1722470944
476,east london,-33.0153,27.9116,285.06,54,0,4.11,ZA,1722470944
477,rio gallegos,-51.6226,-69.2181,277.55,95,100,8.05,AR,1722470944
478,castro,-24.7911,-50.0119,284.12,96,21,2.41,BR,1722470944
479,soio,-6.1349,12.3689,293.17,89,0,3.41,AO,1722470945
480,aral,40.5156,81.2636,300.37,39,66,0.71,CN,1722470945
481,carbondale,37.7273,-89.2168,306.31,65,0,5.14,US,1722470945
482,skelleftea,64.7507,20.9528,288.15,100,100,3.6,SE,1722470945
483,salah bey,35.8545,5.2905,300.9,23,0,0.87,DZ,1722470946
484,hammerfest,70.6634,23.6821,285.4,87,0,3.6,NO,1722470946
485,nieuw amsterdam,5.8833,-55.0833,299.63,82,0,5.31,SR,1722470946
486,zhongshu,24.5167,103.7667,291.14,92,41,0.62,CN,1722470946
487,mangrol,21.1167,70.1167,300.41,88,100,9.21,IN,1722470947
488,neiafu,-18.65,-173.9833,296.99,66,100,7.3,TO,1722470947
489,colonia menno,-22.3667,-59.8167,298.15,41,0,5.56,PY,1722470947
490,forbes,-33.3833,148.0167,282.78,54,0,3.62,AU,1722470947
491,umba,66.6871,34.3429,283.21,91,83,5.28,RU,1722470948
492,vilyuysk,63.7553,121.6247,286.37,48,91,2.65,RU,1722470948
493,zapala,-38.8992,-70.0544,282.95,43,100,12.58,AR,1722470948
494,eureka,40.8021,-124.1637,293.82,73,92,0.45,US,1722470948
495,burutu,5.3509,5.5076,298.06,87,93,3.86,NG,1722470949
496,kalymnos,36.95,26.9833,300.89,69,0,3.6,GR,1722470949
497,namie,37.4833,141.0,303.55,83,99,3.3,JP,1722470949
498,kerema,-7.9631,145.7785,299.9,81,79,0.94,PG,1722470949
499,visby,57.6409,18.296,291.27,77,4,5.14,SE,1722470950
500,concepcion del oro,24.6333,-101.4167,296.38,24,13,6.0,MX,1722470950
501,bodaybo,57.8506,114.1933,289.05,57,20,1.64,RU,1722470950
502,hillsboro,45.5229,-122.9898,304.5,47,0,1.79,US,1722470779
503,bataipora,-22.2953,-53.2711,295.15,45,0,2.23,BR,1722470951
504,seesen,51.9,10.1833,291.9,85,88,0.97,DE,1722470951
505,yakeshi,49.2833,120.7333,293.92,65,97,5.2,CN,1722470951
506,al qusayr,34.5091,36.5798,297.31,57,0,0.82,SY,1722470952
507,mentekab,3.4854,102.3484,297.56,99,99,0.37,MY,1722470952
508,bakanas,44.8081,76.2772,299.06,24,0,7.19,KZ,1722470952
509,murzuq,25.9155,13.9184,301.65,29,6,4.58,LY,1722470952
510,kushiro,42.975,144.3747,291.68,100,75,2.57,JP,1722470953
511,pemba,-12.974,40.5178,295.31,82,18,5.48,MZ,1722470953
512,ambovombe,-25.1667,46.0833,289.06,78,1,1.84,MG,1722470953
513,bardai,11.65,7.2333,294.98,92,100,3.72,NG,1722470954
514,sungai raya,0.7,108.9,299.36,89,49,1.13,ID,1722470954
515,priozersk,61.0393,30.1291,288.71,91,97,1.82,RU,1722470954
516,isangel,-19.55,169.2667,296.98,74,100,3.96,VU,1722470954
517,luanco,43.6152,-5.7934,293.72,95,36,0.89,ES,1722470955
518,boca suno,-0.7167,-77.1333,298.12,77,89,0.76,EC,1722470955
519,luwuk,-0.9516,122.7875,298.14,76,16,2.85,ID,1722470955
520,cestos city,5.46,-9.5828,297.68,85,100,5.78,LR,1722470955
521,gyeongju,35.8428,129.2117,303.66,75,0,1.57,KR,1722470956
522,pacocha,-17.5833,-71.3333,287.46,93,17,0.72,PE,1722470956
523,arraial do cabo,-22.9661,-42.0278,294.87,71,10,7.72,BR,1722470956
524,cartagena del chaira,1.3349,-74.8429,294.28,93,58,1.1,CO,1722470957
525,alapli,41.1694,31.3792,291.99,87,0,2.69,TR,1722470957
526,praia da vitoria,38.7333,-27.0667,295.79,83,22,3.72,PT,1722470957
527,dolneni,41.4253,21.4547,288.19,29,0,1.15,MK,1722470957
528,bludenz,47.1497,9.8167,293.11,87,92,2.45,AT,1722470957
529,katabu,-4.9333,122.5167,300.13,74,27,3.2,ID,1722470958
530,praya,14.9215,-23.5087,297.85,82,99,4.95,CV,1722470958
531,retreat,38.8245,-85.8533,298.37,61,83,3.88,US,1722470958
532,manismata,-2.4667,111.0333,298.62,87,34,1.56,ID,1722470959
533,otjimbingwe,-22.35,16.1333,283.27,35,0,1.24,NA,1722470959
534,parintins,-2.6283,-56.7358,301.02,46,26,1.84,BR,1722470959
535,bhatkal,13.9667,74.5667,298.78,88,100,2.74,IN,1722470959
536,nha trang,12.25,109.1833,301.15,76,69,1.92,VN,1722470435
537,baoying,33.2292,119.3092,303.65,74,67,4.63,CN,1722470960
538,south valley,35.0101,-106.6781,311.9,15,75,2.57,US,1722470960
539,osogbo,7.7667,4.5667,294.24,99,93,2.25,NG,1722470960
540,sola,-13.8833,167.55,299.19,73,58,8.14,VU,1722470960
541,quellon,-43.1167,-73.6167,282.44,91,100,10.59,CL,1722470961
542,darwin,-12.4611,130.8418,299.14,50,0,5.14,AU,1722470238
543,warstein,51.45,8.3667,290.11,92,81,1.24,DE,1722470961
544,cooper's town,26.8667,-77.5167,302.25,75,95,5.66,BS,1722470961
545,nuuk,64.1835,-51.7216,282.49,66,20,6.71,GL,1722470666
546,mwanza,-2.5167,32.9,294.99,59,70,1.27,TZ,1722470962
547,payyannur,12.1,75.2,297.19,93,100,1.56,IN,1722470962
548,suomussalmi,64.8869,28.9078,284.72,98,100,2.06,FI,1722470962
549,callao,-12.0667,-77.15,292.44,82,75,5.66,PE,1722470963
550,val-d'or,48.1002,-77.7828,294.59,89,31,1.41,CA,1722470963
551,queenstown,-31.8976,26.8753,274.61,49,0,0.31,ZA,1722470963
552,myskhako,44.6714,37.7433,290.03,73,1,1.78,RU,1722470963
553,tazacorte,28.629,-17.9293,295.69,88,0,7.2,ES,1722470964
554,angaur state,6.906,134.13,302.07,74,96,4.91,PW,1722470964
555,passi,11.15,122.65,301.83,84,98,0.7,PH,1722470964
556,morondava,-20.2833,44.2833,292.62,46,33,4.07,MG,1722470965
557,pacasmayo,-7.4006,-79.5714,290.82,84,5,4.14,PE,1722470965
558,jurbarkas,55.0778,22.7664,286.3,97,37,3.23,LT,1722470965
